municipio,abelardo_de_la_espriella,ivan_cepeda,paloma_valencia,sergio_fajardo,total_votos,pct_abelardo,pct_cepeda,pct_paloma,pct_fajardo
Bello,116690,63055,18571,18325,225638,51.71,27.94,8.23,8.12
Barbosa,11617,6929,2731,1365,23985,48.43,28.89,11.38,5.69
La Estrella,22579,10269,4111,3600,42252,53.69,24.41,9.77,8.56
Itagüí,90656,39461,12156,13637,161640,56.06,24.40,7.51,8.43
Sabaneta,43977,11895,6610,6874,70952,61.98,16.76,9.31,9.68
Caldas,22385,13435,4339,4322,46502,48.04,28.83,9.31,9.27
Copacabana,23129,13240,3660,3929,45755,50.55,28.94,8.00,8.58
Girardota,16081,8511,2840,2631,31638,50.84,26.90,8.97,8.31
Envigado,106750,23934,14875,14177,163147,65.40,14.66,9.11,8.68
